addition,62137
adjectives,90652
area and perimeter,122595
cat in the hat,366790
cause and effect,419743
community helpers,432795
compare and contrast,466743
context clues,482882
dinosaurs,494928
dr seuss,1341167
easter,1406456
elapsed time,1415496
figurative language,1438533
fox in socks,1470164
fractions,1649566
free,1841232
geometry,1868327
graphing,1894383
green eggs and ham,2050934
homophones,2062991
horton hears a who,2102887
idioms,8053
landforms,16404
leap day,194681
leap year,317595
lorax,342911
main idea,382398
march,468699
measurement,530984
money,578432
morning work,605601
multiplication,646964
one fish two fish red fish blue fish,684613
oobleck,695210
opinion writing,775790
persuasive writing,793111
place value,825137
plants,875056
poetry,912592
point of view,1013147
prepositions,1026703
pronouns,1055435
read across america,1124354
reading comprehension,1215394
rhyming,1234986
sequencing,1252214
shapes,1291070
solar system,1311143
spring,1381358
subtraction,1453401
telling time,1496775
text features,1527739
theme,1558099
wacky wednesday,1571206
water cycle,1592550
Word,1872103
writing paper,1919366
writing prompts,1941046
